2547467681,Nico,Lynn,47
8021664063,Madyson,Dunlap,38
1344528407,Trenton,Trujillo,4
5534640718,Ruby,Foley,18
8962366848,Kaitlyn,Woodward,46
9548415673,Bailee,Velez,48
3427812725,India,Elliott,80
8810784016,Hayley,Barr,84
1838865377,Kyan,Hebert,38
7427090645,Elsie,Costa,94
3599928789,Deshawn,Rangel,70
4840784989,Liliana,Conley,1
7026256366,Kole,Dillon,61
4923246103,Jamarcus,Krueger,94
3902779848,Ximena,Callahan,23
7576937071,Maddison,Deleon,36
3025639454,Gabrielle,Acosta,21
2505767447,Simeon,Booker,15
8305354926,Kassidy,Barrera,75
3243692018,Halle,Sampson,94
8770837239,Estrella,Barnes,45
2771813106,Madison,Grimes,99
8717044998,Damien,Velazquez,23
9767969743,Abel,Landry,59
5702922955,Moses,Randall,19
3530682220,Aiyana,Yu,38
9542837068,Ralph,Kaiser,3
5622224434,Danna,Burgess,76
5154429913,Anastasia,Richardson,9
7783957996,Haley,Mills,43
9084934465,Siena,Rowe,23
4392069661,Lee,Velez,27
7017030982,Julissa,Carey,48
2039658999,Kenyon,Weeks,29
9109661240,Aleah,Pugh,38
4629217069,Brooks,Donaldson,23
7357504504,Teagan,Fuentes,8
8915383025,Bethany,Sweeney,74
4634786421,Ulises,Burgess,36
1054349365,Erin,Bonilla,32
7135856868,Brennen,Underwood,39
5161228846,Augustus,Ingram,19
4885209363,Bradley,Shepherd,56
1847574268,Kaia,Fletcher,17
8105191171,Laurel,Norman,36
1647941417,Logan,Burch,65
4629505389,Maia,Johns,48
4011881266,Jaiden,Poole,32
7552775058,Kash,Odom,40
3402470789,Odin,Dudley,58
5686156171,Donna,Reynolds,77
7131460491,Landyn,Hess,71
2075598883,Jaxson,Zhang,23
2857879674,Kaylyn,Lindsey,44
6910307095,Janiyah,Mccoy,37
7861277824,Cole,Caldwell,46
9899317852,Dante,Key,53
4532203953,Tatum,Kane,59
6227917951,Jazmine,Crosby,83
2899988069,Bradley,Romero,6
3839553836,Harper,Massey,17
5816278565,Eugene,Leach,16
8419424162,Messiah,Ingram,75
3888978578,Shyla,Baxter,95
5391572046,Adalynn,Mcdowell,29
1126829907,Alisha,Chambers,38
6397488386,Karma,Potts,20
6341097139,Lena,West,76
7784350058,Isabell,Norman,95
7783091140,Seamus,Bailey,83
8719544255,Ian,Delgado,10
2056788204,Raphael,Schwartz,74
4590134897,Chaim,Case,9
8363182607,Katie,Castro,26
8439985868,Jermaine,Barnett,48
1646424746,Dania,Mooney,37
2443686278,April,Wood,26
7727718548,Haylie,Orozco,2
8400676384,Cole,Graves,6
8844867917,Mohammad,Sloan,36
4447552863,Dylan,Watts,50
7751728442,Ari,Curtis,79
1539277200,Jaquan,Stokes,99
2973851206,Tanner,Shaw,36
9950498394,Brooks,Meyer,94
5533300442,Lauren,Page,82
6089865516,Junior,Khan,77
5427760857,Nyla,Huang,33
3723536973,Julianna,Washington,47
6733220384,Alvaro,Jefferson,46
8491819987,Anton,Murray,18
3567544108,Layla,Mcdowell,62
9868714750,Emely,Chapman,56
6427465767,Iris,Marshall,30
7141183484,Theresa,Cantrell,7
7895922538,Mitchell,Boyer,85
1141565829,Taylor,Hunt,23
1471205329,Liliana,Parrish,51
7494305676,Gillian,Roman,91
9487311280,Rhianna,Mueller,32
